gender,total_students,Avg_math_score,Avg_reading_score,Avg_writing_score
female,503,64.7992047713718,73.4910536779324,73.4174950298211
male,515,70.7320388349515,67.4019417475728,64.9961165048544
